voltage mean,voltage std,voltage kurtosis,voltage skewness,CC Q,CC charge time,voltage slope,voltage entropy,current mean,current std,current kurtosis,current skewness,CV Q,CV charge time,current slope,current entropy,capacity
4.151063132829884,0.0359670444097856,2.177041263560355,-0.5044677794923844,1991.604646168516,0.4624998611111106,0.2983290047461236,4.46036975491729,0.2415233112516857,0.1152488215377181,-0.8277933513153486,0.624359263828705,545.1152230289961,0.6313891388888886,-0.6315416749028248,4.449899300577437,4.82249736785889
4.151196703234524,0.0359841132893345,2.1799117258477843,-0.5067148729444109,1999.118328720093,0.463766,0.2991812170231222,4.457914676663219,0.2412758606274922,0.1152567441002254,-0.8257862822020994,0.6254364863746655,547.5799259532282,0.6341667222222208,-0.6296933085548717,4.449525764215996,4.82249736785889
4.151502281427383,0.0358314909725289,2.186844393042659,-0.5133997671982068,1989.714076177984,0.4619444722222235,0.2992894766304754,4.4545559411968085,0.2418963939038321,0.1151380262080229,-0.8316379293227243,0.6204553405262918,542.585120937574,0.6272225000000051,-0.6352105307234697,4.452714009440675,4.82249736785889
4.15142946900008,0.0358690652065077,2.178862371107856,-0.5085852305608061,1999.3009127319224,0.4636110555555529,0.2973002612331581,4.458055511720041,0.2412507307369463,0.1152725585294149,-0.821122602530135,0.6277508904610114,545.3918637600304,0.6311109166666655,-0.6329440415568565,4.446389832075002,4.82249736785889
4.151684137447152,0.0357892746468217,2.18780090865976,-0.5156035602423416,1995.289741081266,0.4636112500000066,0.2961862407025502,4.456198006113941,0.2419132071491689,0.1153560283184135,-0.8310371817507791,0.6213265662068852,541.2146264720161,0.6233333611111125,-0.6412605543969379,4.45377305880281,4.82249736785889
4.15157567999528,0.0358278752759648,2.1861855898346287,-0.5144057541508784,2004.2925990798976,0.4651154166666674,0.2972172764397925,4.455382341585671,0.2413324373977775,0.115184377030719,-0.8257830028596551,0.6259377868312279,544.4804343751669,0.6316666666666667,-0.6313424272398835,4.448433819362186,4.82249736785889
4.151653376958704,0.0358176958829383,2.1852449804941063,-0.515646523491599,1999.787099105788,0.4647219999999894,0.2962848053056728,4.456723232685698,0.2418202832006637,0.1152945357722539,-0.8311017487818706,0.6226014301767955,541.2569996003863,0.6266666388888875,-0.6370294725207508,4.452113591307524,4.82249736785889
4.151344810476763,0.0359070430992261,2.170387936129282,-0.5055829231843597,2012.129705299382,0.4666666944444457,0.2950909983870328,4.458265269784064,0.2417784801823454,0.115160322810995,-0.8337297164175856,0.6196539456476517,541.1369141127758,0.6247223611111177,-0.6351741572434749,4.45210047761228,4.82249736785889
4.151743395820136,0.0357438465947033,2.181468914121764,-0.5126689666804429,2004.2318777221749,0.4658333611111124,0.2948665272463069,4.454412151006631,0.241844268995821,0.1153375688220474,-0.8327743677908184,0.619837446539544,541.526767010593,0.624444277777786,-0.6377437100858575,4.452797243336434,4.82249736785889
4.151339137220865,0.0357999573378249,2.175751436771353,-0.5038262034959189,2013.8710371673865,0.4666668055555621,0.2955936505816032,4.4571308833532255,0.241448005521919,0.1151602223805851,-0.8230965229118263,0.6262741292290678,545.5354491688718,0.634166416666671,-0.6292470233907144,4.449429265267607,4.82249736785889
4.151593928955115,0.03568096985653,2.188998118779645,-0.5159356875211752,2011.3547701828395,0.4669446388888981,0.294463984169176,4.456961225001771,0.2417844231733603,0.1151700590657895,-0.8331589336095018,0.6196927478992827,538.8305604756071,0.6211111944444322,-0.6400652397309795,4.453483252037614,4.82249736785889
4.151381386588602,0.0360547243566121,2.18307514066357,-0.5149790675107454,2037.3330649368595,0.4719442500000069,0.293626956773053,4.455680699684597,0.2414845902698509,0.1153897595458052,-0.8245235188640838,0.6261007791543625,544.7070193852039,0.6305557777777884,-0.6320840255886293,4.4514081038442095,4.82249736785889
4.151726739666473,0.0357491159949082,2.183531534248286,-0.5157416149856705,2018.3214280501295,0.4686109722221994,0.2932428981506028,4.454696890451446,0.2415633260868154,0.1151285432689677,-0.8295053054851245,0.621701583933925,539.2506666757265,0.6219443611111233,-0.6424865624089036,4.451057080772861,4.82249736785889
4.151260702573509,0.0359155725857608,2.167378455413831,-0.5047029738038069,2032.9598866104648,0.4713888055555678,0.2921298829519274,4.457688692525036,0.2413793096568646,0.1150029895882544,-0.8228877328848752,0.6257149476576226,539.7536259537271,0.6238888055555354,-0.6393787768544076,4.451164316461094,4.82249736785889
4.151550448814464,0.0357852073340549,2.1820638705105035,-0.5132489858470745,2023.5830874176536,0.4697221388889011,0.2937633239242681,4.453899173916338,0.2413598168675195,0.1148554015526116,-0.8185155136939719,0.627013519644302,534.4953132277909,0.6158331111111005,-0.648299069336938,4.4505637646871365,4.82249736785889
4.151696466103231,0.0357612879591015,2.1804271993761044,-0.5147305067453967,2023.299045837479,0.4697222500000175,0.2925450779710168,4.454945910670287,0.2415213961147461,0.1150755206244505,-0.8235026609778298,0.6241869198826789,535.0235392235217,0.6180555833333509,-0.6439763433367026,4.451220297621301,4.82249736785889
4.151796448942756,0.0357294195518731,2.1820640124025683,-0.5162611655054351,2021.626367666682,0.4694447222222354,0.2924925297953467,4.455155043570023,0.2411982542110436,0.1150613543060273,-0.8201604665737627,0.6283913390253675,530.070790067004,0.6125001944444375,-0.6494231741212465,4.44985608253812,4.82249736785889
4.151710782450796,0.0357788666144626,2.18243257525752,-0.5151077802578892,2026.9031394134815,0.4702775833333402,0.2935887315297568,4.450389441658411,0.2419184510832402,0.1154849189622621,-0.8331151683371694,0.6221418460247016,537.2826714542226,0.620555638888909,-0.6432057137412175,4.450541186695296,4.82249736785889
4.15175366766742,0.035786318917393,2.1800626173782423,-0.5149980594357216,2029.1836326583848,0.4712071111111112,0.2922688370155683,4.45543375584589,0.2421191714113152,0.1150968980245056,-0.8393785816601462,0.6132569366270038,534.0193266325559,0.6155555833333185,-0.6490996359216635,4.455170148723932,4.82249736785889
4.151591515766,0.035791567652197,2.1796523137435466,-0.5131836736000771,2030.686168655521,0.4708332777778075,0.2928229483373132,4.455157376366239,0.2414087518132958,0.1151983868380708,-0.8231137103512545,0.6257648666071866,539.6259005251537,0.6225001944444375,-0.6416871276404428,4.448699450208084,4.82249736785889
4.1518221799065085,0.0357419496329562,2.1815459206171077,-0.5165355048235619,2032.5667203125013,0.4719444444444444,0.2910109952732421,4.453958534712526,0.2414549697590565,0.1151415721737435,-0.8253783664142169,0.6251474953298995,537.6153325109565,0.623333583333329,-0.6389005565315217,4.450783103109261,4.82249736785889
4.151639335444055,0.0358234961912188,2.1751971434679773,-0.5119541036005457,2037.736446296748,0.4725002777777909,0.2909724225405237,4.454824627755992,0.2410488238308367,0.1150186346147013,-0.8221353490144381,0.6293120755308669,536.723402875695,0.6208333611111286,-0.6384385386536638,4.446760814515588,4.82249736785889
4.151602538100436,0.0358486668766028,2.1727873010588072,-0.5111320152699124,2040.1682506424056,0.4733333888888915,0.2905368463925936,4.455434748912371,0.2415212601571466,0.1152983253416947,-0.8301027500122666,0.6228433223008036,539.4583243976901,0.6272224444444227,-0.637028786699607,4.450808466832994,4.82249736785889
4.151648326430001,0.0357813000501065,2.1756922225147712,-0.512281874210024,2035.3264327667357,0.4723904444444471,0.291323720316517,4.456705143091914,0.2411661733061169,0.1152211774659009,-0.826781623438622,0.6249080838162034,538.4897307336596,0.6269444722222074,-0.6367074894435717,4.450662889577275,4.82249736785889
4.152104422195119,0.0356487658763606,2.187956630767568,-0.5240274127057195,2027.4196514480568,0.4705554166666661,0.2919409621626843,4.450297103635642,0.2418073661861376,0.1154228282371987,-0.8296402653930097,0.6213851906953524,536.4014591356436,0.6188886388888891,-0.6459089608792431,4.452784164941015,4.79952907562256
4.151950650167381,0.0356802813884588,2.1831957466768217,-0.5209875466060898,2027.2547628997877,0.4711108055555572,0.290619053486259,4.453655739062379,0.2425083994845088,0.1154251066898066,-0.836158250448638,0.6170880371042531,534.8797518316657,0.6136112777777776,-0.6495960717438638,4.455147456574943,4.79952907562256
4.151887895075928,0.0357426337827486,2.1793964327571023,-0.5178741570301891,2036.728652877812,0.4730558333333344,0.2900924367988841,4.453112318527298,0.2417352875346443,0.1151759304190396,-0.831110185155528,0.6203443382556406,535.98834173181,0.6194446666666691,-0.6447754765831823,4.454578413419285,4.79952907562256
4.152046798748665,0.0356979859683789,2.1871638240504496,-0.5223939462634912,2031.3222817214887,0.4720596388888872,0.2911117017582938,4.452007880981759,0.2420702239017977,0.1151380297687801,-0.8362262231951711,0.6172387622642495,532.7103530120005,0.6144445000000026,-0.6501149748208086,4.454154807488519,4.79952907562256
4.151800069018436,0.0357527232845467,2.1772836315221364,-0.5156752970517375,2034.5249048019505,0.4720958055555578,0.2923145824582202,4.451545073717462,0.2418603233195983,0.1152645912933441,-0.8273827793515882,0.6218815318588479,534.8465164424055,0.6147223333333386,-0.649053255473041,4.450822955950663,4.79952907562256
4.152011575137868,0.0356640167525994,2.1846118036590294,-0.5209322103443629,2030.3628851211436,0.4717762222222195,0.2911794482191481,4.453174559239966,0.2422647052559129,0.1151181081235201,-0.8331953439322137,0.6192298634657724,532.2400121544108,0.6119444444444444,-0.6513991506869178,4.456279125166886,4.79952907562256
4.151686683814011,0.0358225226324142,2.1784973174027304,-0.5139724192716388,2035.9937529998465,0.4721764444444367,0.2921959893971956,4.454318586120063,0.2412383879515192,0.1153078690132518,-0.8236097100749622,0.6271535270545747,538.5069084073314,0.6249998888888836,-0.6376743615828727,4.447384371581319,4.79952907562256
4.151954331957177,0.035673542267504,2.1809965860778,-0.5182802818846715,2027.8513519668816,0.4711108888888945,0.2912050397218884,4.451541311793926,0.2423937724440963,0.1153757290204807,-0.8361862446393684,0.6171910548161244,532.6329941270396,0.6119440833333324,-0.6518040582177738,4.455751861376305,4.79952907562256
4.151854211225386,0.0357297535288653,2.1776713430664696,-0.5163560426955751,2030.4173855803936,0.471388638888877,0.2913601902628398,4.45440174036044,0.2416644221644373,0.1152121371826591,-0.8299498438069559,0.6212493265629092,535.2908219154295,0.6183330555555424,-0.6449424960847834,4.450853569338337,4.79952907562256
4.151917580924687,0.0357398026106036,2.179278725273226,-0.5181236861382585,2031.2229113876076,0.4719933333333271,0.2910162116526942,4.455445862577612,0.2420549666760557,0.1152400300861924,-0.8333239976843299,0.6184662058769249,531.9929046293126,0.6133333055555542,-0.6519107969700447,4.45424023708256,4.79952907562256
4.151701666734863,0.035708389471304,2.165182356621938,-0.5069494526259904,2030.777011328125,0.4716666666666667,0.2904433664921736,4.455141473984645,0.2418507933853594,0.1153355623702002,-0.8302589168288086,0.6214671943619364,535.1246733231117,0.6197220277777847,-0.644823807893221,4.454313352333132,4.79952907562256
4.1518636343065,0.0355300842380953,2.194266423219952,-0.5200431672702757,2035.9251504516608,0.4730555555555555,0.2897035214597172,4.455472894334441,0.2418577352590563,0.1151004064931511,-0.8341018693876525,0.6179318224515806,532.2189423041434,0.6133331944444379,-0.6486123074373756,4.454304430923821,4.79952907562256
4.152094589554986,0.0357987844318725,2.183032296634365,-0.5255956833549843,2057.591112927309,0.477499972222237,0.2885559010226969,4.445755963824595,0.241069720540236,0.1149832194513644,-0.8211584234897775,0.6277338736662416,536.7230384788638,0.6219446666666448,-0.6417518799981383,4.451624406685577,4.79952907562256
4.152124616897002,0.0357179026461578,2.1812105727748192,-0.5201971900018,2037.9532161193224,0.4733333611110962,0.2896453123296952,4.448977453789057,0.2425366427353232,0.1152549210867146,-0.8367674510353353,0.6162505056848876,533.4067189719362,0.6136112777777857,-0.6513998537808875,4.455369596764882,4.79952907562256
4.15161453624299,0.035845285746248,2.167801380462232,-0.5084196556110809,2047.404096589683,0.4744445555555608,0.2908322950805871,4.452368865772681,0.2409191007693751,0.1151498160636956,-0.8161436185969801,0.6318869772818223,539.8994153050969,0.6247220833333429,-0.6387565312007571,4.447768073799599,4.79952907562256
4.151974850137469,0.0356694525208103,2.1835063611586496,-0.5198026754303883,2036.3410140517933,0.4730554444444391,0.2897973329685282,4.4518179678385,0.2418698854676454,0.1151226154548209,-0.8329019944478646,0.6189024477370267,531.8884472305378,0.6141665555555826,-0.6506883633480365,4.454246663631698,4.79952907562256
4.15180865459353,0.0358148387066993,2.171041636603173,-0.5135171094159311,2047.712468269424,0.475277805555573,0.289047242153565,4.452978177372354,0.2412705941735912,0.1149282128220149,-0.822800316493002,0.6258174110413659,536.6411791123925,0.6197222500000175,-0.6443154838313151,4.4514753410421966,4.79952907562256
4.152003105150135,0.0356641345045532,2.1810218422785725,-0.5190576938614434,2034.742187861584,0.4727778611110989,0.2895347990357867,4.45223444901909,0.2421535731635073,0.1154415940903718,-0.8338250631524007,0.6208384763608925,528.2769529650191,0.6083336388888873,-0.6542176518933991,4.45583511116402,4.79952907562256
4.151815769186597,0.035700574482942,2.174272276921904,-0.5151604422906912,2036.80052298124,0.4727776666666614,0.2901844478029957,4.4528471108163705,0.2418305328404779,0.115351364096421,-0.8337176104575055,0.6208022566244491,537.8006412399291,0.6222221111111058,-0.6402102976606037,4.451572521631862,4.79952907562256
4.1519664439785,0.0356781347056124,2.1788639423861547,-0.5172128767123789,2032.3912171371685,0.4720357777777826,0.2909779220395325,4.454054109698372,0.242193448559931,0.1150794873844131,-0.839395376897536,0.6113492912924771,530.516999322899,0.6119441111111276,-0.6513423548265582,4.452144480536424,4.79952907562256
4.151782544732791,0.0358110700155316,2.170309004665232,-0.5121799060649022,2045.105003796342,0.4747219999999894,0.2894941404984932,4.452711607841867,0.2421300185765982,0.1149193838531262,-0.8290790695281114,0.6215375287077894,531.9909192783296,0.6133331666666587,-0.6503651633100235,4.456685338145219,4.79952907562256
4.152014374452479,0.0356658458516686,2.179210962363506,-0.5173573813547433,2032.100214692682,0.4717125833333315,0.2906971256245856,4.453783105455561,0.2416258499060319,0.115007509533906,-0.8304677948119261,0.6199520347608672,530.7644584592531,0.613333583333329,-0.6501725087326726,4.45326884862565,4.79952907562256
4.15165732121106,0.0358811607481473,2.1631888762930385,-0.5074582230673257,2053.3663745697013,0.4758333333333333,0.2890675372709952,4.45417786371046,0.2401552790548257,0.1153110447115994,-0.8084280990305679,0.637698252315243,541.64737129322,0.6311112499999905,-0.633027136687448,4.442684126362972,4.79952907562256
4.151951455091102,0.0357165128687925,2.175494827188107,-0.5161116050071247,2038.3817378632384,0.4731839444444631,0.2911667286267119,4.450983718084242,0.2421252623043634,0.1152037172421744,-0.8312990538391385,0.6193011185330183,533.4017646818229,0.6147223333333063,-0.6492924483575813,4.453405146669041,4.79952907562256
4.15169923522762,0.0358239981627996,2.165828498212744,-0.5091090034559443,2049.286016320919,0.4752150555555838,0.2897898057474058,4.455066833024389,0.2406877370715997,0.1153541214107304,-0.8132139491574919,0.6344879485019048,538.023933139185,0.6236109444444689,-0.6390957161511287,4.4427073414223415,4.79952907562256
4.151978001644855,0.0357077533764386,2.176268285008599,-0.5159958139935809,2039.454540561064,0.473507000000035,0.2901624504305226,4.452798319037207,0.2417796186255286,0.1152344025172998,-0.8309716439955546,0.620262543122398,530.8658817783628,0.6130552500000016,-0.651972879154593,4.451503989325658,4.79952907562256
4.151847933438678,0.0357783011442579,2.1718794068583414,-0.5127424696781738,2045.3758432861875,0.4741665833333455,0.2907664670911856,4.450577218391896,0.2412101563675654,0.1152438452093154,-0.8190399247730871,0.6304334324033037,537.9595310211877,0.6233334999999756,-0.641358053936024,4.44646741913158,4.79952907562256
4.151926113728979,0.0356693190170276,2.177336588835556,-0.516671316837018,2036.9869110198235,0.4727777499999825,0.2900169713295459,4.453067000392879,0.2417186646767822,0.1150469286854745,-0.831830332983345,0.6198751820688114,532.6499133905083,0.6169445277777655,-0.6467215182099697,4.452084388414369,4.79952907562256
4.151966046222369,0.0357012265388595,2.1745584382006,-0.5152773844756304,2037.561327082719,0.4725001666666422,0.2900046884809518,4.4519323980724295,0.2411262042884595,0.1151038916696986,-0.8212772786345699,0.628238529783405,535.876953331943,0.6205556388888767,-0.6442927886562652,4.448594182892706,4.79952907562256
4.151955430394261,0.0356829137399856,2.1760049184989203,-0.5163728180714074,2036.758407482904,0.4727780833333316,0.2899673461588636,4.45281030421351,0.2414238344335076,0.1150693006396012,-0.8304952034369371,0.6208826775040287,529.7879522146299,0.6122221111111058,-0.6492236255751929,4.451254635497166,4.79952907562256
4.1519974113913145,0.0356684622715084,2.176450375894258,-0.5166196368160355,2034.5968497864003,0.4719445555555608,0.2904926085393878,4.453293225890929,0.2415498252221802,0.1151896756207793,-0.8237580040902261,0.6253911979838711,534.6654654484428,0.6202776388888661,-0.6437148366621539,4.450054213934829,4.79952907562256
4.152074784215142,0.0356920895155579,2.178732500538194,-0.5194901267863522,2038.09286244046,0.4733770833333255,0.290116170821343,4.452043222766991,0.2421129665923162,0.1150239093403815,-0.8350605572347827,0.617131923947739,533.4916191746744,0.6163887222222466,-0.6485852097882495,4.458083691574122,4.79952907562256
4.152057437327537,0.0357330932518366,2.174581527714714,-0.5163243785584364,2041.8886119872143,0.4741856388888684,0.2895078486435072,4.453255706152371,0.241563454451169,0.1148576633989929,-0.8308122010500898,0.6204754949870865,532.2012251001015,0.6163891388889169,-0.6477247363138993,4.452276015487844,4.79952907562256
4.152006985784626,0.0356954834866789,2.1764857795978787,-0.5181140730761998,2037.380695275924,0.4733335555555661,0.2893087210846861,4.45167393072463,0.2423492952763156,0.1151744725673585,-0.8351596870519202,0.6173353742805485,528.6780958649261,0.6083333333333333,-0.6530178817984177,4.457867641361816,4.79952907562256
4.151945391405649,0.0357527385329531,2.1667256272783573,-0.5130673034474215,2040.5393072923248,0.4736111666667016,0.290282878217518,4.448594794955547,0.2411262775712717,0.1152504872663808,-0.8211246096463078,0.6274022109124603,534.661823829407,0.6186108333333524,-0.6439001774020193,4.446502280512467,4.79952907562256
4.1519175682448894,0.0356914535719276,2.16914663226578,-0.5109378786867554,2034.1118869872769,0.4724998888888836,0.2898585279575081,4.452397700717839,0.2419678662712577,0.1153001756387834,-0.8330231512643933,0.6197756841575793,532.4832936961654,0.616388722222182,-0.6464622994032286,4.452427309814877,4.79952907562256
4.15205373713727,0.0356481522196331,2.1796485334112283,-0.5169571231216876,2040.2137863618689,0.4736109722222641,0.2904219374361294,4.449105329440751,0.2418566774279626,0.1152286417680447,-0.8282942541107974,0.6221701231639527,531.5944617005227,0.6108334722221803,-0.6545224602699852,4.452032325866126,4.79952907562256
4.152140996666557,0.0356670309180994,2.179187293592246,-0.5223781463113901,2044.5925926239413,0.4747966111111196,0.2889434866733689,4.451847338621152,0.2420495497775919,0.1150898447056434,-0.8346267839977477,0.6178461959149286,528.7130133010298,0.6086111666667017,-0.6556531287717303,4.455528134659593,4.79952907562256
4.151896340586136,0.0357593777586477,2.1681871018752163,-0.5117598005318817,2045.6286758011104,0.4744442500000069,0.2892274277516494,4.453351893497688,0.2414791599965908,0.1148877990065868,-0.8248963294533658,0.6250946382087977,533.8627217115561,0.6155553333333228,-0.6478202941426628,4.4509669191145855,4.79952907562256
4.152038232346027,0.0357220362428369,2.1740875079471467,-0.5157717279196021,2043.2015235352997,0.47446452777781,0.2893215967498341,4.452565803410718,0.2417321503401623,0.1149761024691988,-0.8331072952312537,0.6189426573377653,529.4850497842403,0.6119444444444444,-0.6499141833482415,4.453789273403654,4.79952907562256
4.151957732302862,0.0356989389651253,2.1731868060633186,-0.5155996232620778,2042.1735350341808,0.4738888888888889,0.2892081650871465,4.45259684239125,0.2416790096109637,0.1151124642281919,-0.8202936169269912,0.6264895347224028,534.3937489589173,0.6222223333333387,-0.6418940170088507,4.450066395274768,4.79952907562256
4.15200675985573,0.0356812120456532,2.1762815405509106,-0.516813390150497,2040.320023895264,0.4741666666666667,0.2893595368665215,4.451137618877496,0.2416150809057039,0.1150340521141126,-0.8193729740282043,0.6271816444274111,525.1010928511589,0.6052775000000191,-0.6594218320740902,4.453401484026097,4.79952907562256
4.152161300008162,0.0356973326024293,2.176883829658713,-0.5186152877313813,2044.0437738648131,0.4747909722222377,0.2900446287858305,4.447669465037442,0.2419676394939094,0.1152168982050267,-0.8441127766691938,0.6144687242732999,528.7548099992434,0.6077774722222239,-0.6575864083728817,4.452035394624505,4.79952907562256
4.152046009976659,0.0356876551150298,2.175710454560706,-0.5178923983305034,2041.425718765235,0.4744443333333281,0.2887630468877785,4.451402086407985,0.2423656118659112,0.1151837969945565,-0.8383078607342975,0.6131686821270439,530.084116898792,0.6105557222221978,-0.6541462546361686,4.45552655909778,4.79952907562256
4.152091646893632,0.0356678174001672,2.176671909061278,-0.5169029047848868,2039.087347876167,0.4733097777778231,0.2897201914745763,4.452950272604441,0.2415268537836628,0.1150223743547576,-0.824892129665511,0.623012758804844,534.2730605750107,0.6183335833332967,-0.6426835891747456,4.451004179784044,4.79952907562256
4.152018971815574,0.0356186916972536,2.176958505004169,-0.5179015049872365,2034.6841005723336,0.4727777222222519,0.2896458285917269,4.453269820734078,0.2417087890003081,0.1151749153624548,-0.8295936379613824,0.6216220806093232,529.9999537600404,0.6119443611111233,-0.652880517830774,4.453076967437376,4.79952907562256
4.152208758522482,0.0355853353956572,2.181135576381351,-0.5198852472807257,2031.047162315366,0.471735083333333,0.2901050739632046,4.452111166712076,0.2420560773882073,0.1150853582162301,-0.8347041512621085,0.6171340479811769,528.299558958068,0.6105555833333508,-0.652877162180053,4.45581069612852,4.79952907562256
4.152247493980779,0.0356256558306877,2.1833513520918437,-0.5228928989623859,2040.7601026473703,0.4741668611111042,0.2888857657443903,4.449451825893211,0.2416670095893221,0.1150409987433523,-0.8317008414154357,0.6199736355407497,528.3353873962277,0.6080555833333509,-0.656272321842997,4.452674056730059,4.79952907562256
4.152159217103378,0.035612004960421,2.178778344893111,-0.5190785728035054,2034.1787239575729,0.47222202777772,0.2898655009338538,4.451853667944556,0.2417215558804691,0.1152049727169193,-0.8293543260434397,0.6214119808239279,532.0708868388256,0.6161111111111758,-0.6490677232350355,4.453971737191842,4.79952907562256
4.1569468806619225,0.0305547184513565,2.174102648957168,-0.4772645417624551,1355.7491630096438,0.3063891944444445,0.3835515185680295,4.481662651475042,0.2535963294306732,0.1168795692077757,-1.002400789241347,0.4845200180145754,535.6435967199984,0.587777611111111,-0.6792187574466337,4.506649844388941,4.74602460861206
4.156985289376715,0.0305613255998361,2.178064575360432,-0.4782509853879012,1355.590792495727,0.3063885277777777,0.3842791523848379,4.480926179626945,0.2543141946952565,0.117024454678146,-1.007902905212518,0.4807667113545104,536.6511785424236,0.5872222222222222,-0.6803078691465402,4.5096077902893965,4.74602460861206
4.156851971938487,0.0307255228118498,2.1764173136897176,-0.4790551945817035,1372.771432495117,0.3101089444444444,0.381900027693823,4.481709103185629,0.2512427800211985,0.1173846494135244,-0.9908879218143732,0.519962735340363,532.4352845325784,0.5888885833333335,-0.678584189719436,4.46117624204963,4.74602460861206
4.157528143486835,0.0297338576453568,2.167054681013236,-0.4622411681928349,1282.067880912781,0.2894443333333333,0.3961837371082116,4.487024094228337,0.254597868278925,0.117236969284402,-1.0109084310245795,0.477808916329971,551.7686251716514,0.6022224166666666,-0.6631770411544751,4.507371216786217,4.74602460861206
4.157594251449995,0.0297448880165536,2.168115145506992,-0.4639317253646998,1282.6139215454102,0.2897219444444444,0.3963966183575372,4.487829372729874,0.2546594068856219,0.1170966433865759,-1.0153314472249495,0.4740907245671049,550.1187787182246,0.6002774999999999,-0.665385604327225,4.5114952849274,4.74602460861206
4.1573537664114015,0.0298014081344778,2.1517197649815327,-0.4502612618411921,1290.0439662506103,0.2915394444444444,0.3942917939774378,4.489818906482048,0.254300820489009,0.1171513143468099,-1.0140057669926767,0.4759454497126274,550.7156907935162,0.6019442222222223,-0.663953831447713,4.511990135666386,4.74602460861206
4.157502147506961,0.0297625603379361,2.165081122624451,-0.4610469353036932,1284.960548750305,0.2904469166666666,0.3953562957654984,4.489955159547867,0.2545380811695693,0.1172731203244784,-1.0122754002092484,0.4763621319540116,550.8669073270897,0.6022222222222221,-0.6637940767506393,4.511637680472562,4.74602460861206
4.157513447191524,0.0297183749064609,2.1684031416107623,-0.4628558703462425,1282.6661663894656,0.2897225,0.3962049406980696,4.486604585108108,0.2544683637054241,0.1171870033114821,-1.014273559587769,0.4762681113473582,548.2265195586924,0.5991667500000001,-0.6669882798708326,4.5087400478653255,4.74602460861206
4.1574957494078015,0.0297151323330977,2.1695410924654603,-0.4635548958965944,1282.788599891663,0.2897222777777777,0.3964488292436741,4.487903622981506,0.2544671363557057,0.117128389110267,-1.0118222212487953,0.4771431739180426,550.7685880520087,0.6019448055555556,-0.6638940730130517,4.51041237591234,4.74602460861206
4.157537982166097,0.0297713379421085,2.16997661913584,-0.4628683162214373,1287.751733013916,0.2910503055555555,0.3952149352799201,4.489636551697309,0.2542138556577437,0.1172423011283566,-1.0089962397606873,0.4789968904992029,550.3278600562916,0.6013894166666667,-0.6648109501012168,4.5083647160414175,4.74602460861206
4.157574523165751,0.0297589490551384,2.168757463447488,-0.4625464216539711,1288.4986648757936,0.2911110555555555,0.3948212423397528,4.487152171460375,0.2545983666796598,0.1174092995322723,-1.0133307488979957,0.4776180775774524,552.0056407910112,0.6033329166666667,-0.6618391127142521,4.509359152101618,4.74602460861206
4.157576986347479,0.0297404692929247,2.1696925650022694,-0.4644381016872252,1286.6150821838378,0.2905560555555556,0.3951011189736174,4.488212581987356,0.2541879676402743,0.1171486141868751,-1.0109177130091531,0.4791205960554055,550.9267210813995,0.6027781944444444,-0.6632869394099554,4.507762259371047,4.74602460861206
4.157462898509925,0.0297110500503478,2.169407176608593,-0.4619407849535413,1283.912261817932,0.2899995833333333,0.3954482005348045,4.48915450892248,0.2544911580021488,0.1172636056956445,-1.0121873508185366,0.4774391083129517,549.9562842823802,0.6008328055555556,-0.6647705381658946,4.508776324153122,4.74602460861206
4.157525149175815,0.0296998529379472,2.171785224989349,-0.4625640813879324,1285.6799192520143,0.290278,0.3950984795742613,4.488131906844631,0.2540045049768689,0.1171431580942401,-1.0083483258627957,0.481211692361752,551.0278571568276,0.6030553611111111,-0.6627342790786735,4.509122385499725,4.74602460861206
4.157522633614668,0.0297175793376969,2.168749801320997,-0.462257082181118,1283.4242784973144,0.2897216666666666,0.3961007461872193,4.487502862950469,0.2547796607603905,0.1173077450920994,-1.0139811520849489,0.4757256686597771,551.2260483503219,0.6019447777777778,-0.6642109309044777,4.510240249868966,4.74602460861206
4.157462829175282,0.0297560334994273,2.168195185722395,-0.4610785948746374,1288.160114451599,0.2910258888888888,0.395194023755837,4.489759146341389,0.2542563009417851,0.1171108257615475,-1.0115897409417234,0.476924335923114,549.8033824380681,0.6013888055555556,-0.663816433060183,4.508993276988671,4.74602460861206
4.157591325586492,0.0297215080119064,2.1701746063010323,-0.4620525536426997,1283.864952038574,0.2898739999999999,0.3965900608828305,4.488872290096861,0.2541603878789226,0.1170600123247675,-1.0098439882122,0.4786918865548531,548.9320293046944,0.5997223888888888,-0.6658977092569704,4.507610936660696,4.74602460861206
4.157401600979162,0.029684006913018,2.1702437817901634,-0.4608992386508806,1284.2012762878417,0.2899998888888888,0.395120574802805,4.488706634576289,0.2559367576229035,0.1177521012829044,-1.0470507491708612,0.4552238625340686,550.8318025398121,0.5980552500000001,-0.6672207628002274,4.513628452067708,4.74602460861206
4.157585610425166,0.0297087692873261,2.170842716743204,-0.4625523004314029,1289.4262941436768,0.2910761111111111,0.3948604507211409,4.489249742490513,0.2542862558480927,0.1171442342241037,-1.0113636714148653,0.4780222309302832,548.6953818248943,0.5991669166666667,-0.6656773066766415,4.508824695775407,4.74602460861206
4.1573973629461065,0.0297968301768254,2.1700507095449018,-0.4627498568835116,1294.566325445557,0.2925002222222222,0.3932705361173033,4.487500663791848,0.2541418516982433,0.1170148324493064,-1.0098297383000807,0.478828174402614,546.4060402273972,0.5977777777777777,-0.6684516802374759,4.509704239102208,4.74602460861206
4.157381972091458,0.0297948294467522,2.171980600438658,-0.4632137437713165,1295.771324531555,0.2927778611111111,0.3926891316686051,4.486368631250153,0.2540849702056765,0.1171465303570976,-1.010688646968335,0.4789408356645971,548.0551736652401,0.6005556666666667,-0.664246557663063,4.510083138450636,4.74602460861206
4.157393183091748,0.0297675602258114,2.1718424276498745,-0.4632194890769857,1292.7901334518433,0.2919439166666667,0.3941015876588414,4.48826566085244,0.254233154898013,0.1171020914709837,-1.0093760143009205,0.4799940807569893,547.4187245667218,0.5983333055555555,-0.6678112015972474,4.508691618773902,4.74602460861206
4.15743325327739,0.029772267231863,2.172277392280157,-0.4633185140871532,1292.318448350525,0.2919444722222222,0.3938868734956516,4.487664009345012,0.2542550342508566,0.1170711925427241,-1.0101052416745189,0.4782138479984986,547.565693257611,0.5986109166666668,-0.6677456353501467,4.508860023554671,4.74602460861206
4.15746621559281,0.029777473296473,2.172013503758575,-0.4631447459862098,1292.0651546875,0.2916665,0.3947919649229755,4.488418138158605,0.2543344388529831,0.1171268674443717,-1.007129111469916,0.4814430321854898,548.5006433579925,0.5994446388888888,-0.6657947584937598,4.511184202664501,4.74602460861206
4.1573906440298485,0.0297712217973569,2.1701195873177257,-0.4621348903267552,1288.6604596038817,0.2911108055555555,0.3951852156186886,4.487332447865308,0.2544468233073749,0.117113687569614,-1.0119585447854529,0.4777319793776877,548.8277811714768,0.6002783333333332,-0.6654782785704697,4.510404500392281,4.74602460861206
4.157455221993065,0.0298008444480505,2.172418871765262,-0.4632073073086472,1292.8347877456663,0.2921581666666667,0.3947461514972746,4.488099129337299,0.254361302414589,0.1170716312109617,-1.00848536275086,0.4793165106179805,548.2475568736112,0.5988893055555554,-0.6664670569171088,4.50858448196165,4.74602460861206
4.157567198407718,0.0298148993820061,2.173263176569815,-0.4643028267495807,1293.7864444503784,0.2923005833333333,0.3938817148363075,4.487259719424453,0.2549699041161506,0.1171843058625676,-1.0216750316047545,0.4673616632952691,548.8969455174845,0.59888875,-0.6674461342890315,4.511095468107535,4.74602460861206
4.157442972092402,0.0297641827326903,2.1733810920661587,-0.4644740061332734,1290.267546899414,0.2913891111111111,0.3949992364883645,4.488188263746988,0.2548726601028686,0.1173878411800867,-1.025292672489942,0.4694110569023255,549.2433139354903,0.5999998055555555,-0.6648042965679174,4.510828002937562,4.74602460861206
4.157411299277621,0.0297641771186342,2.1721217216527533,-0.462735521549478,1292.0512572784423,0.2919445555555555,0.3941529912615169,4.487547205440591,0.2540762998829115,0.1172393392554077,-1.0092017647988434,0.479584738823299,548.9597058240369,0.6005554444444443,-0.6652397296240179,4.507416691470154,4.74602460861206
4.157415318398421,0.0297891866015685,2.169879050240304,-0.4614379038339212,1291.6014619461062,0.2919446388888889,0.3941381789309227,4.487465983757454,0.2541225975599753,0.1170676841950117,-1.0121785079368029,0.4777149951934251,548.1368558705229,0.6005558333333334,-0.6646352686358903,4.508351992471818,4.74602460861206
4.157513738809546,0.0297962850170537,2.1719573035142665,-0.4626895868505548,1293.2438386108397,0.2922315277777778,0.3942603400454631,4.488343690491249,0.2543687641779747,0.1170997127865824,-1.01062545208638,0.4778353709945104,548.4114315240796,0.59916675,-0.6667780429607368,4.509430589337954,4.74602460861206
4.1573628256500506,0.0297216272732878,2.1718463376128327,-0.4622586364907291,1288.1802446029662,0.2911111111111111,0.3949047044943307,4.48718667861525,0.2541493090882151,0.1172114702950965,-1.0094954302298849,0.4788073197628785,547.7460813270375,0.5988888333333332,-0.6675987755679956,4.508009773116809,4.74602460861206
4.157507304909565,0.0297271858396628,2.175102131869972,-0.4656788633715869,1292.344936907959,0.2919445,0.3934148081543873,4.486892061750128,0.2543978581763631,0.1171905959156511,-1.0111588344740163,0.4776968942230732,547.7734833629352,0.598333138888889,-0.6658099036724121,4.510248492175245,4.74602460861206
4.157452250572474,0.0297380459001431,2.1695577864241096,-0.4618535643129269,1288.2255463912966,0.2911111111111111,0.393933376283136,4.487486330232032,0.2549192036815102,0.1172316778002765,-1.021069422190356,0.4717197634478267,548.6335573168917,0.5988888611111111,-0.667684547926278,4.512962779602548,4.74602460861206
4.157453625996908,0.0297790530290467,2.170467861574433,-0.4609754696253358,1288.0193396118163,0.29114325,0.3955604561496869,4.488967851440917,0.2543234225777993,0.1172248902519333,-1.0104472145380037,0.4789068991049174,549.5932174789202,0.6008332222222224,-0.6639939476588328,4.511134781848973,4.74602460861206
4.157435681276712,0.0297297888814717,2.172492334886107,-0.4625627813204712,1288.3586167480469,0.2911112777777778,0.3943131642665641,4.48686592163055,0.2544352701270436,0.1171760799724755,-1.0098177079535282,0.479088435268615,549.3714026397809,0.5997225,-0.6664358661002924,4.508896449119458,4.74602460861206
4.157406441400807,0.0298273872704825,2.1674472603255763,-0.4593981929669481,1293.295016693115,0.2923006666666667,0.3940414723167134,4.489012820491101,0.2543700173670067,0.1170515918279034,-1.011416519263419,0.4776169616399762,548.2688208852228,0.5994444166666667,-0.6654240078125161,4.512178675682677,4.74602460861206
4.157490348906831,0.0297197690482156,2.17460275556027,-0.4635750313925326,1288.325337277222,0.2911110555555555,0.3945755437571484,4.486362127199708,0.2545929241923748,0.117143374568846,-1.0112584815037944,0.4768862601642835,548.240277416649,0.5988891944444443,-0.6674314068452724,4.50994910539998,4.74602460861206
4.157446429973118,0.0296979495653389,2.1741238018677214,-0.4631346460838438,1285.800778703308,0.2905555555555555,0.3952954512937119,4.48904086936855,0.25419970997847,0.1170861587343834,-1.0082664577229152,0.479735336281301,547.8486926839653,0.599722361111111,-0.6660041339520117,4.509102246163408,4.74602460861206
4.157563955158335,0.029753401661403,2.1739576158133707,-0.4645945518459315,1291.2042093521115,0.2918441944444444,0.3942313492759952,4.48863071399221,0.2540725749660501,0.1170382848568759,-1.0090170378161578,0.4791717087207799,547.5735547598917,0.5997226666666668,-0.6656732458428318,4.508365561240892,4.74602460861206
4.157446018222607,0.0298061343965652,2.171252041414183,-0.4623361399070023,1296.323277302551,0.2930551666666666,0.3925209372852634,4.486312856680856,0.2540653965337546,0.1169961538072282,-1.0093851919712244,0.4787664996282948,545.9877091273818,0.5975000833333333,-0.6674337403903944,4.511120458365129,4.74602460861206
4.157351472572312,0.0297803290817658,2.1714877210840644,-0.4622225240616349,1294.3473755142213,0.29249975,0.3934782081928462,4.488666182280395,0.2543695927847237,0.1170098782244483,-1.009830494067033,0.4786886987448905,545.4233953127863,0.5958340277777777,-0.6705699912944884,4.511018441219866,4.74602460861206
4.1574064260164,0.0298317067408157,2.172175282024879,-0.4632753515057688,1299.8916310516356,0.2938886388888889,0.3919155880345303,4.486283703168192,0.2543765486542935,0.1171017014448285,-1.011242147488021,0.4784226962177151,546.2485628237376,0.5972223333333332,-0.669242562493313,4.510610603831744,4.74602460861206
4.157493162469155,0.0298697199133419,2.172951111323108,-0.4636515650913178,1303.2847678756716,0.2947385555555555,0.3918079180143906,4.485376020147569,0.254382272468679,0.117075354119629,-1.0095675268315052,0.4789724239810519,545.8417629553254,0.5966668611111111,-0.6698856038762308,4.512359485884325,4.74602460861206
4.157416602918274,0.0298036788259012,2.174026150826992,-0.4634429647902905,1293.3586968444824,0.2922287777777778,0.3945447069985675,4.489664512225324,0.2541227348926725,0.1172845452352725,-1.0073702393285957,0.4811161492441875,547.5349755608265,0.5988888333333333,-0.6674637942576467,4.508831580726189,4.74602460861206
4.157407925731186,0.0298163581783707,2.175800955940281,-0.4644583449464031,1297.6783827011109,0.2933333888888889,0.3933060508042961,4.487610154778963,0.2543100752439151,0.1170654385225758,-1.0088249605386836,0.479271342150643,547.0136986582463,0.597778388888889,-0.6678263743518636,4.5079536083986,4.74602460861206
4.157437590938626,0.0298162860549685,2.1740459650745634,-0.4644757166306185,1297.2141513259887,0.2930553888888889,0.3927256571345932,4.486863214222284,0.2541911699331144,0.1171056451944544,-1.0063004464591168,0.4819087655318731,547.3750853532312,0.5988890000000001,-0.6671584886272445,4.507067860881875,4.74602460861206
4.155291383580644,0.0333708573974226,2.1757918671980354,-0.5284656785444405,1564.3056608326438,0.3583332222222222,0.3542053966111997,4.460276533118313,0.2560847145768082,0.1165540748108856,-1.0189377244144633,0.4593823629761756,481.42736654686,0.5224998611111111,-0.7653916462177068,4.521099430199488,4.65097379684448
4.1555628285468,0.0329442336775459,2.1849139111332763,-0.5247967408065441,1541.278816592455,0.353056,0.3555384916590615,4.4603779488844815,0.256845135986805,0.1168650201153838,-1.0310346894806683,0.4538341881824144,483.8528209061861,0.5233329166666667,-0.763236935588154,4.523349900218644,4.65097379684448
4.155672046790131,0.0328506570507634,2.187841611771645,-0.5234984477721603,1542.7456926467898,0.3533828333333333,0.3551840269693607,4.461119182492706,0.2562338900732717,0.1162861748584317,-1.0165892382042303,0.4576204099052757,485.8216425314706,0.5272224722222222,-0.7565054450431498,4.522820532143388,4.65097379684448
4.155729907704151,0.0327340725724668,2.187337473112471,-0.522215271147532,1538.9024258322715,0.3525000555555555,0.3545828186036609,4.462898790561153,0.2563967713732508,0.1165762679259204,-1.0217416578260594,0.457408714446299,486.028920155993,0.5269439166666666,-0.7587188216926098,4.523117036367185,4.65097379684448
4.155819667387646,0.0326973168001788,2.189112070592894,-0.5227717515176706,1542.3535696252825,0.3532858055555555,0.3543705146220527,4.461926185413281,0.2559285174539878,0.1166639326040342,-1.0199360645962467,0.4599216360449622,486.320783982809,0.5280559444444445,-0.7566034520701017,4.519541310631555,4.65097379684448
4.156011309936969,0.0323711887295289,2.185376420962343,-0.5131681355671295,1493.056597565794,0.3419921666666667,0.3629957209991682,4.464988670375042,0.2566361150593257,0.1167300348298986,-1.0253024716704204,0.4538157509339328,497.50442240007845,0.5386109722222222,-0.7423382904427799,4.52317963945076,4.65097379684448
4.155974209840377,0.0323475633217647,2.18461905549219,-0.5119456001582716,1494.0651311636448,0.342222111111111,0.3624717539252188,4.463974958317182,0.2568684246804979,0.1167041854489863,-1.026770641248183,0.4524189561113934,497.2416039781045,0.5386108611111111,-0.7414758342486121,4.525065283920217,4.65097379684448
4.155838810737934,0.0324806208020988,2.184481381463704,-0.5130971540784544,1511.0411707072258,0.3461111388888889,0.3598137898933367,4.4629748273365575,0.2562857320348154,0.1164211626301204,-1.0241937995769377,0.4548316370049964,496.00423748090367,0.539167,-0.7404796519571676,4.523148088718397,4.65097379684448
4.155664347099823,0.0315862702882342,2.204633566462989,-0.4808116884130424,1484.4451094802885,0.3347223055555555,0.3663822702321677,4.473741736786653,0.2523636141171058,0.1162098722743256,-0.974539862509801,0.5025427027189264,523.8078103773569,0.5769443888888888,-0.6928401084830574,4.499503508285058,4.60026407241821
4.155579663031757,0.0316559389057846,2.2020042492388114,-0.4784376008590734,1490.412414093021,0.3359727777777778,0.3664038261891946,4.475098480239496,0.2530934150945611,0.1168428507184957,-0.9903368042578392,0.4928924992402842,525.2105572646101,0.577222388888889,-0.6916712876293514,4.500918854916241,4.60026407241821
4.155524377455175,0.0317277005616046,2.202137825191314,-0.4789031851942793,1501.2481484313996,0.3383331666666666,0.364393028528812,4.473420580250116,0.2528882486281409,0.1165773040194589,-0.9957337536043922,0.49319209815819,523.4588934669413,0.5766665833333333,-0.6933303938104385,4.498395492643732,4.60026407241821
4.155461714937796,0.0318008886321431,2.2028512299325467,-0.4806930562322171,1506.5868210037263,0.3397218888888889,0.3636010494497179,4.473089876608762,0.2524974564304593,0.1168719025739865,-0.9778710254350352,0.506771579853316,519.7261142645724,0.5716663611111111,-0.6994269855713284,4.494914615867652,4.60026407241821
4.155379483205849,0.0317897591509195,2.201802085086889,-0.4793997378268621,1509.05517582703,0.34027775,0.3626861868335799,4.472285833120361,0.2513430103143289,0.1162366400071368,-0.9636784225979388,0.5138682320948533,515.700691964556,0.5694441111111112,-0.7012342045280788,4.494048681638903,4.60026407241821
4.155438257015416,0.0318928225154039,2.2015681881517493,-0.4812747590519273,1522.5175347641025,0.3433333333333333,0.3605500008295911,4.4712236067917,0.2516180063529712,0.1162493149509389,-0.9660073751494416,0.511873254273473,515.6172349413503,0.5694446388888887,-0.7019545059730469,4.493782832903918,4.60026407241821
4.155396373041215,0.0319262684968236,2.200738373674817,-0.4814926386553081,1525.4918674987823,0.3441661666666666,0.360258039273036,4.471650492616365,0.2516043609910057,0.1164339004526357,-0.9707907214315528,0.5086310702298231,517.3476031613513,0.5711113611111112,-0.6981293097138528,4.497617669281999,4.60026407241821
4.155429863910537,0.0319445076603476,2.2024627902718485,-0.4845910311987266,1526.8076900604278,0.3444445833333333,0.3595155373775816,4.468136049601339,0.251770396129527,0.1161727962771606,-0.9675284975795636,0.5097011171949832,515.37657916638,0.5691666666666668,-0.6997139789000432,4.4991008162642085,4.60026407241821
4.15547601252503,0.031753719893001,2.1998832542140305,-0.4779021035218269,1510.5409432312044,0.3408331111111111,0.3619651076561092,4.471395576927582,0.2518911231471773,0.1164354643070758,-0.9743906800236624,0.5057703995005852,520.0001540463501,0.5738885833333334,-0.6953922942157128,4.498241433229859,4.60026407241821
4.155441436394806,0.0317823375345226,2.2035266464228656,-0.4815465338353548,1510.2324564239534,0.3408334999999999,0.3621073959755724,4.470965009473323,0.2516961861600913,0.1162488403702794,-0.9730353178119984,0.5062013065596603,518.0919874097381,0.5724995833333333,-0.6968768919943262,4.498431032650628,4.60026407241821
4.1554341764102585,0.0318147464277975,2.200914119620616,-0.4792297393124676,1519.303533760074,0.3427777777777778,0.3605389710956389,4.471802439329627,0.2520908780533556,0.1164278723745379,-0.9749721392664368,0.5052338423476012,519.4052247854136,0.5738891944444444,-0.6962418109294182,4.499397421906807,4.60026407241821
4.155769248707475,0.0318567835515404,2.20662997635298,-0.4903204133609821,1526.8672607681308,0.3445193055555556,0.3591745902723152,4.4661531990068255,0.2519016331794831,0.116368015957005,-0.9738312203972974,0.5058582950175011,519.3149064807154,0.573610861111111,-0.6965998592534218,4.500143355961424,4.60026407241821
4.155732507158996,0.0319431705177917,2.202619888003037,-0.4881861689186779,1545.50083381348,0.3486111111111111,0.3554744644468974,4.464441455513569,0.2519416103302275,0.1164802491103969,-0.9735190180164536,0.5078100338620875,519.5004518769592,0.5730556666666667,-0.697002248875478,4.501448004447783,4.60026407241821
4.1554773606551,0.0318378588103461,2.2079972173698645,-0.4840071169412546,1534.7186304122956,0.3463253055555555,0.358118055074507,4.469796849709515,0.252001121636578,0.1164857857631705,-0.9721024189142612,0.507266480676836,517.7113658949999,0.5713886666666668,-0.6992546396238374,4.498620845007142,4.60026407241821
4.155446489873635,0.0318522269048815,2.2112033286963664,-0.4876268289900451,1545.2149846145662,0.3481511944444444,0.3567617224582895,4.469254358990862,0.2514356679649088,0.1161735482748176,-0.9674882605464236,0.5112399352310771,517.0527276676821,0.5719443055555555,-0.6989269251098553,4.5004541176050346,4.60026407241821
4.1552658431726295,0.0319038386150622,2.1965010456064045,-0.4692937212740977,1538.9128295074493,0.347222111111111,0.3570544050288838,4.472266557637632,0.2517273563739152,0.1165468237618481,-0.9725905844467766,0.5070706410974507,516.9464434831281,0.5716667222222224,-0.6995010278333854,4.497107217284915,4.60026407241821
4.1552402041555405,0.0319768673286145,2.1905540120164213,-0.4728812756384699,1543.3260535903964,0.3480555277777777,0.3566488016326106,4.468881520457794,0.2515968022542957,0.1163781785515604,-0.9679481491118328,0.5106994829383903,517.9345035105008,0.5719444722222221,-0.6989301865569167,4.498903300779366,4.60026407241821
4.155214609234196,0.0319857293344105,2.193209677097978,-0.4750929269096848,1546.082801058963,0.3486107222222221,0.356336588387961,4.470815403813219,0.2517432803833799,0.116295684320274,-0.9703243102439708,0.5086350826062747,516.9728754179731,0.5711114444444444,-0.6997156239687632,4.500258974029612,4.60026407241821
4.1551187326037695,0.0319615113892254,2.1999837451078075,-0.4753644490870589,1551.2848946716342,0.3497221388888889,0.3557522676860275,4.469349676664481,0.2516521539571872,0.11629467991917,-0.9697181733118904,0.5086012421633826,514.8797648049399,0.5688883055555555,-0.7020091167445357,4.501025961153812,4.60026407241821
4.155254380338511,0.0321136053185945,2.190231447771417,-0.4770460929853577,1543.656933473209,0.34853975,0.357494051391784,4.471098436761051,0.2519572177332596,0.1164683653936694,-0.970015185191297,0.5085310113566981,515.2548237903725,0.5686116388888888,-0.7027197259663621,4.497723887004763,4.60026407241821
4.155168011867272,0.032196277335285,2.204036819785435,-0.484882789713927,1551.7592778869662,0.3499999722222222,0.3567150944030919,4.468814340388523,0.2516531468178806,0.1164639244496795,-0.9682938760302772,0.510243834995894,516.2410393682491,0.5705552777777778,-0.6999925415589615,4.498433372284046,4.60026407241821
4.155370388362456,0.0321384540644316,2.1980255106433404,-0.4844160266410598,1556.1513565383943,0.3513888611111111,0.3544828069409504,4.468317841662379,0.2518851401284337,0.1164512919894924,-0.969456780482148,0.5098414486600916,514.3483532720038,0.5686116111111111,-0.7027907398434907,4.496027944692011,4.60026407241821
4.155225184655959,0.0321980809642348,2.1934686945446846,-0.4821954228336473,1564.9283297653233,0.3527778888888888,0.3538507563555001,4.470617222330772,0.251585665009422,0.1162081029097135,-0.9671145651870257,0.5108694135830238,513.7800788156596,0.5677777222222223,-0.7037856008883034,4.497980693498655,4.60026407241821
4.155404734233069,0.0321163886173201,2.200511894408904,-0.4849236046037199,1547.8016607162508,0.3494735555555556,0.3565456370119318,4.470223628480456,0.2519329305989968,0.1164381497532038,-0.9709901590625152,0.5078906911703012,514.9476994553302,0.5680557222222223,-0.7033193685651523,4.496070254605635,4.60026407241821
4.155248791724444,0.0322818215443915,2.1999375177177742,-0.4855050625169366,1575.6228063613923,0.3550164166666667,0.3533213383933569,4.466730077961103,0.2513724847107068,0.1160111353795888,-0.9672481528153684,0.5108527589487751,509.4836905275114,0.5630557499999999,-0.7097746510301655,4.496371738808392,4.60026407241821
4.155288189956822,0.0322001062435613,2.2015151997387425,-0.4877141346673981,1551.004986614994,0.3500000833333334,0.3569465877247733,4.468580746250501,0.2518937796880992,0.1165306698086733,-0.9696234784932644,0.5098018473564887,513.2754333419928,0.5661109722222223,-0.7055721794999871,4.49072910169052,4.60026407241821
4.146270372911424,0.0395434192742211,2.567719295489181,-0.736823785140942,2617.9826224655158,0.5888888333333333,0.273461457625436,4.41523391754357,0.2417576689017576,0.1136603662037073,-0.8026398550556153,0.6217923941576069,384.7547925347951,0.4425001944444444,-0.9018520255473312,4.458128547605946,4.62234687805176
4.144238582373856,0.039514238099145,2.5259413832407147,-0.6981232868038979,2706.839345776373,0.6116666944444458,0.2656253101594728,4.428415151733407,0.2414126910264387,0.1137415510357426,-0.7916864627097198,0.6279680142686701,369.3232727008513,0.4258331111111126,-0.9372793057329504,4.457265583833,4.55716753005981
